Date,Open,High,Low,Close,Volume
5-May-17,146.76,148.98,146.76,148.96,27327725
4-May-17,146.52,147.14,145.81,146.53,23371872
3-May-17,145.59,147.49,144.27,147.06,45697034
2-May-17,147.54,148.09,146.84,147.51,45352194
1-May-17,145.10,147.20,144.96,146.58,33602943
28-Apr-17,144.09,144.30,143.27,143.65,20860358
27-Apr-17,143.92,144.16,143.31,143.79,14246347
26-Apr-17,144.47,144.60,143.38,143.68,20041241
25-Apr-17,143.91,144.90,143.87,144.53,18871501
24-Apr-17,143.50,143.95,143.18,143.64,17134333
21-Apr-17,142.44,142.68,141.85,142.27,17320928
20-Apr-17,141.22,142.92,141.16,142.44,23319562
19-Apr-17,141.88,142.00,140.45,140.68,17328375
18-Apr-17,141.41,142.04,141.11,141.20,14697544
17-Apr-17,141.48,141.88,140.87,141.83,16582094
13-Apr-17,141.91,142.38,141.05,141.05,17822880
12-Apr-17,141.60,142.15,141.01,141.80,20350000
11-Apr-17,142.94,143.35,140.06,141.63,30379376
10-Apr-17,143.60,143.88,142.90,143.17,18933397
7-Apr-17,143.73,144.18,143.27,143.34,16672198
6-Apr-17,144.29,144.52,143.45,143.66,21149034
5-Apr-17,144.22,145.46,143.81,144.02,27717854
4-Apr-17,143.25,144.89,143.17,144.77,19891354
3-Apr-17,143.71,144.12,143.05,143.70,19985714
31-Mar-17,143.72,144.27,143.01,143.66,19661651
30-Mar-17,144.19,144.50,143.50,143.93,21207252
29-Mar-17,143.68,144.49,143.19,144.12,29189955
28-Mar-17,140.91,144.04,140.62,143.80,33374805
27-Mar-17,139.39,141.22,138.62,140.88,23575094
24-Mar-17,141.50,141.74,140.35,140.64,22395563
23-Mar-17,141.26,141.58,140.61,140.92,20346301
22-Mar-17,139.84,141.60,139.76,141.42,25860165
21-Mar-17,142.11,142.80,139.73,139.84,39529912
20-Mar-17,140.40,141.50,140.23,141.46,21542038
17-Mar-17,141.00,141.00,139.89,139.99,43884952
16-Mar-17,140.72,141.02,140.26,140.69,19231998
15-Mar-17,139.41,140.75,139.02,140.46,25691774
14-Mar-17,139.30,139.65,138.84,138.99,15309065
13-Mar-17,138.85,139.43,138.82,139.20,17421717
10-Mar-17,139.25,139.36,138.64,139.14,19612801
9-Mar-17,138.74,138.79,137.05,138.68,22155904
8-Mar-17,138.95,139.80,138.82,139.00,18707236
7-Mar-17,139.06,139.98,138.79,139.52,17446297
6-Mar-17,139.36,139.77,138.60,139.34,21750044
3-Mar-17,138.78,139.83,138.59,139.78,21571121
2-Mar-17,140.00,140.28,138.76,138.96,26210984
1-Mar-17,137.89,140.15,137.60,139.79,36414585
28-Feb-17,137.08,137.44,136.70,136.99,23482860
27-Feb-17,137.14,137.44,136.28,136.93,20257426
24-Feb-17,135.91,136.66,135.28,136.66,21776585
23-Feb-17,137.38,137.48,136.30,136.53,20788186
22-Feb-17,136.43,137.12,136.11,137.11,20836932
21-Feb-17,136.23,136.75,135.98,136.70,24507156
17-Feb-17,135.10,135.83,135.10,135.72,22198197
16-Feb-17,135.67,135.90,134.84,135.34,22584555
15-Feb-17,135.52,136.27,134.62,135.51,35623100
14-Feb-17,133.47,135.09,133.25,135.02,33226223
13-Feb-17,133.08,133.82,132.75,133.29,23035421
10-Feb-17,132.46,132.94,132.05,132.12,20065458
9-Feb-17,131.65,132.44,131.12,132.42,28349859
8-Feb-17,131.35,132.22,131.22,132.04,23004072
7-Feb-17,130.54,132.09,130.45,131.53,38183841
6-Feb-17,129.13,130.50,128.90,130.29,26845924
3-Feb-17,128.31,129.19,128.16,129.08,24507301
2-Feb-17,127.98,129.39,127.78,128.53,33710411
1-Feb-17,127.03,130.49,127.01,128.75,111985040
31-Jan-17,121.15,121.39,120.62,121.35,49200993
30-Jan-17,120.93,121.63,120.66,121.63,30377503
27-Jan-17,122.14,122.35,121.60,121.95,20562944
26-Jan-17,121.67,122.44,121.60,121.94,26337576
25-Jan-17,120.42,122.10,120.28,121.88,32586673
24-Jan-17,119.55,120.10,119.50,119.97,23211038
23-Jan-17,120.00,120.81,119.77,120.08,22050218
20-Jan-17,120.45,120.45,119.73,120.00,32597892
19-Jan-17,119.40,120.09,119.37,119.78,25597291
18-Jan-17,120.00,120.50,119.71,119.99,23712961
17-Jan-17,118.34,120.24,118.22,120.00,34439843
13-Jan-17,119.11,119.62,118.81,119.04,26111948
12-Jan-17,118.90,119.30,118.21,119.25,27086220
11-Jan-17,118.74,119.93,118.60,119.75,27588593
10-Jan-17,118.77,119.38,118.30,119.11,24462051
9-Jan-17,117.95,119.43,117.94,118.99,33561948
6-Jan-17,116.78,118.16,116.47,117.91,31751900
5-Jan-17,115.92,116.86,115.81,116.61,22193587
4-Jan-17,115.85,116.51,115.75,116.02,21118116
3-Jan-17,115.80,116.33,114.76,116.15,28781865
30-Dec-16,116.65,117.20,115.43,115.82,30586265
29-Dec-16,116.45,117.11,116.40,116.73,15039519
28-Dec-16,117.52,118.02,116.20,116.76,20905892
27-Dec-16,116.52,117.80,116.49,117.26,18296855
23-Dec-16,115.59,116.52,115.59,116.52,14249484
22-Dec-16,116.35,116.51,115.64,116.29,26085854
21-Dec-16,116.80,117.40,116.78,117.06,23783165
20-Dec-16,116.74,117.50,116.68,116.95,21424965
19-Dec-16,115.80,117.38,115.75,116.64,27779423
16-Dec-16,116.47,116.50,115.64,115.97,44351134
15-Dec-16,115.38,116.73,115.23,115.82,46524544
14-Dec-16,115.04,116.20,114.98,115.19,34031834
13-Dec-16,113.84,115.92,113.75,115.19,43733811
12-Dec-16,113.29,115.00,112.49,113.30,26374377
9-Dec-16,112.31,114.70,112.31,113.95,34402627
8-Dec-16,110.86,112.43,110.60,112.12,27068316
7-Dec-16,109.26,111.19,109.16,111.03,29998719
6-Dec-16,109.50,110.36,109.19,109.95,26195462
5-Dec-16,110.00,110.03,108.25,109.11,34324540
2-Dec-16,109.17,110.09,108.85,109.90,26527997
1-Dec-16,110.36,110.94,109.03,109.49,37086862
30-Nov-16,111.60,112.20,110.27,110.52,36162258
29-Nov-16,110.78,112.03,110.07,111.46,28528750
28-Nov-16,111.43,112.46,111.39,111.57,27193983
25-Nov-16,111.47,111.87,110.95,111.79,11475922
23-Nov-16,111.36,111.51,110.33,111.23,27426394
22-Nov-16,111.95,112.42,111.40,111.80,25965534
21-Nov-16,110.12,111.99,110.01,111.73,29264571
18-Nov-16,109.72,110.54,109.66,110.06,28428917
17-Nov-16,109.81,110.35,108.83,109.95,26964598
16-Nov-16,106.70,110.23,106.60,109.99,58840522
15-Nov-16,106.57,107.68,106.16,107.11,32264510
14-Nov-16,107.71,107.81,104.08,105.71,51175504
11-Nov-16,107.12,108.87,106.55,108.43,34143898
10-Nov-16,111.09,111.09,105.83,107.79,57134541
9-Nov-16,109.88,111.32,108.05,110.88,59176361
8-Nov-16,110.31,111.72,109.70,111.06,24254179
7-Nov-16,110.08,110.51,109.46,110.41,32560000
4-Nov-16,108.53,110.25,108.11,108.84,30836997
3-Nov-16,110.98,111.46,109.55,109.83,26932602
2-Nov-16,111.40,112.35,111.23,111.59,28331709
1-Nov-16,113.46,113.77,110.53,111.49,43825812
31-Oct-16,113.65,114.23,113.20,113.54,26419398
28-Oct-16,113.87,115.21,113.45,113.72,37861662
27-Oct-16,115.39,115.86,114.10,114.48,34562045
26-Oct-16,114.31,115.70,113.31,115.59,66134219
25-Oct-16,117.95,118.36,117.31,118.25,48128970
24-Oct-16,117.10,117.74,117.00,117.65,23538673
21-Oct-16,116.81,116.91,116.28,116.60,23192665
20-Oct-16,116.86,117.38,116.33,117.06,24125801
19-Oct-16,117.25,117.76,113.80,117.12,20034594
18-Oct-16,118.18,118.21,117.45,117.47,24553478
17-Oct-16,117.33,117.84,116.78,117.55,23624896
14-Oct-16,117.88,118.17,117.13,117.63,35652191
13-Oct-16,116.79,117.44,115.72,116.98,35192406
12-Oct-16,117.35,117.98,116.75,117.34,37586787
11-Oct-16,117.70,118.69,116.20,116.30,64041043
10-Oct-16,115.02,116.75,114.72,116.05,36235956
7-Oct-16,114.31,114.56,113.51,114.06,24358443
6-Oct-16,113.70,114.34,113.13,113.89,28779313
5-Oct-16,113.40,113.66,112.69,113.05,21453089
4-Oct-16,113.06,114.31,112.63,113.00,29736835
3-Oct-16,112.71,113.05,112.28,112.52,21701760
30-Sep-16,112.46,113.37,111.80,113.05,36379106
29-Sep-16,113.16,113.80,111.80,112.18,35886990
28-Sep-16,113.69,114.64,113.43,113.95,29641085
27-Sep-16,113.00,113.18,112.34,113.09,24607412
26-Sep-16,111.64,113.39,111.55,112.88,29869442
23-Sep-16,114.42,114.79,111.55,112.71,52481151
22-Sep-16,114.35,114.94,114.00,114.62,31073984
21-Sep-16,113.85,113.99,112.44,113.55,36003185
20-Sep-16,113.05,114.12,112.51,113.57,34514269
19-Sep-16,115.19,116.18,113.25,113.58,47023046
16-Sep-16,115.12,116.13,114.04,114.92,79886911
15-Sep-16,113.86,115.73,113.49,115.57,90613177
14-Sep-16,108.73,113.03,108.60,111.77,112340318
13-Sep-16,107.51,108.79,107.24,107.95,62176190
12-Sep-16,102.65,105.72,102.53,105.44,45292770
9-Sep-16,104.64,105.72,103.13,103.13,46556984
8-Sep-16,107.25,107.27,105.24,105.52,53002026
7-Sep-16,107.83,108.76,107.07,108.36,42364328
6-Sep-16,107.90,108.30,107.51,107.70,26880391
2-Sep-16,107.70,108.00,106.82,107.73,26334858
1-Sep-16,106.14,106.80,105.62,106.73,26701523
31-Aug-16,105.66,106.57,105.64,106.10,29662406
30-Aug-16,105.80,106.50,105.50,106.00,24863945
29-Aug-16,106.62,107.44,106.29,106.82,24970300
26-Aug-16,107.41,107.95,106.31,106.94,27766291
25-Aug-16,107.39,107.88,106.68,107.57,25086248
24-Aug-16,108.56,108.75,107.68,108.03,23675081
23-Aug-16,108.59,109.32,108.53,108.85,21257669
22-Aug-16,108.86,109.10,107.85,108.51,25820230
19-Aug-16,108.77,109.69,108.36,109.36,25368072
18-Aug-16,109.23,109.60,109.02,109.08,21984703
17-Aug-16,109.10,109.37,108.34,109.22,25355976
16-Aug-16,109.63,110.23,109.21,109.38,33794448
15-Aug-16,108.14,109.54,108.08,109.48,25868209
12-Aug-16,107.78,108.44,107.78,108.18,18660434
11-Aug-16,108.52,108.93,107.85,107.93,27484506
10-Aug-16,108.71,108.90,107.76,108.00,24008505
9-Aug-16,108.23,108.94,108.01,108.81,26315204
8-Aug-16,107.52,108.37,107.16,108.37,28037220
5-Aug-16,106.27,107.65,106.18,107.48,40553402
4-Aug-16,105.58,106.00,105.28,105.87,27408650
3-Aug-16,104.81,105.84,104.77,105.79,30202641
2-Aug-16,106.05,106.07,104.00,104.48,33816556
1-Aug-16,104.41,106.15,104.41,106.05,38167871
29-Jul-16,104.19,104.55,103.68,104.21,27733688
28-Jul-16,102.83,104.45,102.82,104.34,39869839
27-Jul-16,104.26,104.35,102.75,102.95,92344820
26-Jul-16,96.82,97.97,96.42,96.67,56239822
25-Jul-16,98.25,98.84,96.92,97.34,40382921
22-Jul-16,99.26,99.30,98.31,98.66,28313669
21-Jul-16,99.83,101.00,99.13,99.43,32702028
20-Jul-16,100.00,100.46,99.74,99.96,26275968
19-Jul-16,99.56,100.00,99.34,99.87,23779924
18-Jul-16,98.70,100.13,98.60,99.83,36493867
15-Jul-16,98.92,99.30,98.50,98.78,30136990
14-Jul-16,97.39,98.99,97.32,98.79,38918997
13-Jul-16,97.41,97.67,96.84,96.87,25892171
12-Jul-16,97.17,97.70,97.12,97.42,24167463
11-Jul-16,96.75,97.65,96.73,96.98,23794945
8-Jul-16,96.49,96.89,96.05,96.68,28912103
7-Jul-16,95.70,96.50,95.62,95.94,25139558
6-Jul-16,94.60,95.66,94.37,95.53,30949090
5-Jul-16,95.39,95.40,94.46,94.99,27705210
1-Jul-16,95.49,96.46,95.33,95.89,26026540
30-Jun-16,94.44,95.77,94.30,95.60,35836356
29-Jun-16,93.97,94.55,93.63,94.40,36531006
28-Jun-16,92.90,93.66,92.14,93.59,40444914
27-Jun-16,93.00,93.05,91.50,92.04,46622188
24-Jun-16,92.91,94.66,92.65,93.40,75311356
23-Jun-16,95.94,96.29,95.25,96.10,32240187
22-Jun-16,96.25,96.89,95.35,95.55,29219122
21-Jun-16,94.94,96.35,94.68,95.91,35546358
20-Jun-16,96.00,96.57,95.03,95.10,34411901
17-Jun-16,96.62,96.65,95.30,95.33,61008219
16-Jun-16,96.45,97.75,96.07,97.55,31326815
15-Jun-16,97.82,98.41,97.03,97.14,29445227
14-Jun-16,97.32,98.48,96.75,97.46,31931944
13-Jun-16,98.69,99.12,97.10,97.34,38020494
10-Jun-16,98.53,99.35,98.48,98.83,31712936
9-Jun-16,98.50,99.99,98.46,99.65,26601354
8-Jun-16,99.02,99.56,98.68,98.94,20848131
7-Jun-16,99.25,99.87,98.96,99.03,22409450
6-Jun-16,97.99,101.89,97.55,98.63,23292504
3-Jun-16,97.79,98.27,97.45,97.92,28504888
2-Jun-16,97.60,97.84,96.63,97.72,40191600
1-Jun-16,99.02,99.54,98.33,98.46,29173285
31-May-16,99.60,100.40,98.82,99.86,42307212
27-May-16,99.44,100.47,99.24,100.35,36229530
26-May-16,99.68,100.73,98.64,100.41,56093437
25-May-16,98.67,99.74,98.11,99.62,38168760
24-May-16,97.22,98.09,96.84,97.90,35036561
23-May-16,95.87,97.19,95.67,96.43,37860535
20-May-16,94.64,95.43,94.52,95.22,31804564
19-May-16,94.64,94.64,93.57,94.20,29693945
18-May-16,94.16,95.21,93.89,94.56,41923114
17-May-16,94.55,94.70,93.01,93.49,46507449
16-May-16,92.39,94.39,91.65,93.88,61140610
13-May-16,90.00,91.67,90.00,90.52,44188153
12-May-16,92.72,92.78,89.47,90.34,76109795
11-May-16,93.48,93.57,92.46,92.51,28539912
10-May-16,93.33,93.57,92.11,93.42,33592465
9-May-16,93.00,93.77,92.59,92.79,32855251
6-May-16,93.37,93.45,91.85,92.72,43458189
5-May-16,94.00,94.07,92.68,93.24,35763138
4-May-16,95.20,95.90,93.82,94.19,40824776
3-May-16,94.20,95.74,93.68,95.18,56533960
2-May-16,93.96,94.08,92.40,93.64,47736879
29-Apr-16,93.99,94.72,92.51,93.74,68334434
28-Apr-16,97.61,97.88,94.25,94.83,81990674
27-Apr-16,96.00,98.71,95.68,97.82,113538389
26-Apr-16,103.91,105.30,103.91,104.35,40338403
25-Apr-16,105.00,105.65,104.51,105.08,27950966
22-Apr-16,105.01,106.48,104.62,105.68,33477142
21-Apr-16,106.93,106.93,105.52,105.97,31356434
20-Apr-16,106.64,108.09,106.06,107.13,28666865
19-Apr-16,107.88,108.00,106.23,106.91,32292344
18-Apr-16,108.89,108.95,106.94,107.48,60834027
15-Apr-16,112.11,112.30,109.73,109.85,46418482
14-Apr-16,111.62,112.39,111.33,112.10,25337435
13-Apr-16,110.80,112.34,110.80,112.04,32691799
12-Apr-16,109.34,110.50,108.66,110.44,26812000
11-Apr-16,108.97,110.61,108.83,109.02,28313525
8-Apr-16,108.91,109.77,108.17,108.66,23514462
7-Apr-16,109.95,110.42,108.12,108.54,30881022
6-Apr-16,110.23,110.98,109.20,110.96,26047772
5-Apr-16,109.51,110.73,109.42,109.81,26495312
4-Apr-16,110.42,112.19,110.27,111.12,37243224
1-Apr-16,108.78,110.00,108.20,109.99,25626163
31-Mar-16,109.72,109.90,108.88,108.99,25685672
30-Mar-16,108.65,110.42,108.60,109.56,45159861
29-Mar-16,104.89,107.79,104.88,107.68,30774115
28-Mar-16,106.00,106.19,105.06,105.19,19303557
24-Mar-16,105.47,106.25,104.89,105.67,25480914
23-Mar-16,106.48,107.07,105.90,106.13,25452612
22-Mar-16,105.25,107.29,105.21,106.72,32232567
21-Mar-16,105.93,107.65,105.14,105.91,35180796
18-Mar-16,106.34,106.50,105.19,105.92,43402289
17-Mar-16,105.52,106.47,104.96,105.80,34244593
16-Mar-16,104.61,106.31,104.59,105.97,37893758
15-Mar-16,103.96,105.18,103.85,104.58,40067734
14-Mar-16,101.91,102.91,101.78,102.52,25027426
11-Mar-16,102.24,102.28,101.50,102.26,27200833
10-Mar-16,101.41,102.24,100.15,101.17,33513577
9-Mar-16,101.31,101.58,100.27,101.12,27130729
8-Mar-16,100.78,101.76,100.40,101.03,31274161
7-Mar-16,102.39,102.83,100.96,101.87,35828909
4-Mar-16,102.37,103.75,101.37,103.01,45936485
3-Mar-16,100.58,101.71,100.45,101.50,36792245
2-Mar-16,100.51,100.89,99.64,100.75,33084941
1-Mar-16,97.65,100.77,97.42,100.53,50153943
29-Feb-16,96.86,98.23,96.65,96.69,34876558
26-Feb-16,97.20,98.02,96.58,96.91,28913208
25-Feb-16,96.05,96.76,95.25,96.76,27393905
24-Feb-16,93.98,96.38,93.32,96.10,36155642
23-Feb-16,96.40,96.50,94.55,94.69,31686699
22-Feb-16,96.31,96.90,95.92,96.88,34048195
19-Feb-16,96.00,96.76,95.80,96.04,34485576
18-Feb-16,98.84,98.89,96.09,96.26,38494442
17-Feb-16,96.67,98.21,96.15,98.12,44390173
16-Feb-16,95.02,96.85,94.61,96.64,47490678
12-Feb-16,94.19,94.50,93.01,93.99,40121670
11-Feb-16,93.79,94.72,92.59,93.70,49686210
10-Feb-16,95.92,96.35,94.10,94.27,42244975
9-Feb-16,94.29,95.94,93.93,94.99,44262912
8-Feb-16,93.13,95.70,93.04,95.01,53852284
5-Feb-16,96.52,96.92,93.69,94.02,45853883
4-Feb-16,95.86,97.33,95.19,96.60,46263907
3-Feb-16,95.00,96.84,94.08,96.35,45366710
2-Feb-16,95.42,96.04,94.28,94.48,37081206
1-Feb-16,96.47,96.71,95.40,96.43,40571593
29-Jan-16,94.79,97.34,94.35,97.34,64010141
28-Jan-16,93.79,94.52,92.39,94.09,55557109
27-Jan-16,96.04,96.63,93.34,93.42,132224500
26-Jan-16,99.93,100.88,98.07,99.99,63538305
25-Jan-16,101.52,101.53,99.21,99.44,51196375
22-Jan-16,98.63,101.46,98.37,101.42,65562769
21-Jan-16,97.06,97.88,94.94,96.30,52054521
20-Jan-16,95.10,98.19,93.42,96.79,72008265
19-Jan-16,98.41,98.65,95.50,96.66,52841349
15-Jan-16,96.20,97.71,95.36,97.13,79010008
14-Jan-16,97.96,100.48,95.74,99.52,62424154
13-Jan-16,100.32,101.19,97.30,97.39,61745031
12-Jan-16,100.55,100.69,98.84,99.96,49154227
11-Jan-16,98.97,99.06,97.34,98.53,49739377
8-Jan-16,98.55,99.11,96.76,96.96,70798016
7-Jan-16,98.68,100.13,96.43,96.45,81094428
6-Jan-16,100.56,102.37,99.87,100.70,68457388
5-Jan-16,105.75,105.85,102.41,102.71,55790992
4-Jan-16,102.61,105.37,102.00,105.35,67281190
31-Dec-15,107.01,107.03,104.82,105.26,40912316
30-Dec-15,108.58,108.70,107.18,107.32,25213777
29-Dec-15,106.96,109.43,106.86,108.74,30931243
28-Dec-15,107.59,107.69,106.18,106.82,26704210
24-Dec-15,109.00,109.00,107.95,108.03,13596680
23-Dec-15,107.27,108.85,107.20,108.61,32657354
22-Dec-15,107.40,107.72,106.45,107.23,32789367
21-Dec-15,107.28,107.37,105.57,107.33,47590610
18-Dec-15,108.91,109.52,105.81,106.03,96453327
17-Dec-15,112.02,112.25,108.98,108.98,44772827
16-Dec-15,111.07,111.99,108.80,111.34,56238467
15-Dec-15,111.94,112.80,110.35,110.49,53323105
14-Dec-15,112.18,112.68,109.79,112.48,64318732
11-Dec-15,115.19,115.39,112.85,113.18,46886161
10-Dec-15,116.04,116.94,115.51,116.17,29212727
9-Dec-15,115.30,117.69,115.08,115.62,46361357
8-Dec-15,117.52,118.60,116.86,118.23,34309450
7-Dec-15,118.32,119.86,117.81,118.28,32084249
4-Dec-15,115.29,119.25,115.11,119.03,57776977
3-Dec-15,115.24,116.79,114.22,115.20,41569509
2-Dec-15,117.34,118.11,116.08,116.28,33198964
1-Dec-15,118.75,118.81,116.86,117.34,34700991
30-Nov-15,117.99,119.41,117.75,118.30,37658671
27-Nov-15,118.29,118.41,117.60,117.81,13043720
25-Nov-15,119.21,119.23,117.92,118.03,21388308
24-Nov-15,117.33,119.35,117.12,118.88,42426855
23-Nov-15,119.27,119.73,117.34,117.75,32266736
20-Nov-15,119.20,119.92,118.85,119.30,34103529
19-Nov-15,117.64,119.75,116.76,118.78,42908179
18-Nov-15,115.76,117.49,115.50,117.29,46163404
17-Nov-15,114.92,115.05,113.32,113.69,27253964
16-Nov-15,111.38,114.24,111.00,114.18,37651022
13-Nov-15,115.20,115.57,112.27,112.34,45164053
12-Nov-15,116.26,116.82,115.65,115.72,32262598
11-Nov-15,116.37,117.42,115.21,116.11,45104903
10-Nov-15,116.90,118.07,116.06,116.77,58635125
9-Nov-15,120.96,121.81,120.05,120.57,33657546
6-Nov-15,121.08,121.81,120.62,121.06,32931447
5-Nov-15,121.85,122.69,120.18,120.92,39258480
4-Nov-15,122.56,123.82,121.62,122.00,44343498
3-Nov-15,120.79,123.49,120.70,122.57,45331025
2-Nov-15,120.80,121.36,119.61,121.18,31761309
30-Oct-15,120.99,121.22,119.45,119.50,48811991
29-Oct-15,118.70,120.69,118.27,120.53,50240803
28-Oct-15,117.58,119.30,116.06,119.27,85023324
27-Oct-15,115.40,116.54,113.99,114.55,57953589
26-Oct-15,118.08,118.13,114.92,115.28,66019504
23-Oct-15,118.77,119.23,116.33,119.08,59139552
22-Oct-15,114.33,115.50,114.10,115.50,41272693
21-Oct-15,114.00,115.58,113.70,113.76,41795238
20-Oct-15,111.34,114.17,110.82,113.77,48778770
19-Oct-15,110.80,111.75,110.11,111.73,29606075
16-Oct-15,111.78,112.00,110.53,111.04,38236278
15-Oct-15,110.93,112.10,110.49,111.86,37340996
14-Oct-15,111.29,111.52,109.56,110.21,44325611
13-Oct-15,110.82,112.45,110.68,111.79,32424018
12-Oct-15,112.73,112.75,111.44,111.60,30114425
9-Oct-15,111.64,112.28,109.49,112.12,52533783
8-Oct-15,110.06,110.19,108.21,109.50,61698450
7-Oct-15,110.47,111.77,109.41,110.78,46602587
6-Oct-15,110.63,111.74,109.76,111.31,48196751
5-Oct-15,110.08,111.37,109.07,110.78,51723110
2-Oct-15,108.01,111.01,107.55,110.38,57560431
1-Oct-15,109.07,109.62,107.31,109.58,63747954
30-Sep-15,110.17,111.54,108.73,110.30,66105030
29-Sep-15,112.83,113.51,107.86,109.06,73135853
28-Sep-15,113.85,114.57,112.44,112.44,51723929
25-Sep-15,116.44,116.69,114.02,114.71,55842210
24-Sep-15,113.25,115.50,112.37,115.00,49810647
23-Sep-15,113.63,114.72,113.30,114.32,35645658
22-Sep-15,113.38,114.18,112.52,113.40,49809010
21-Sep-15,113.67,115.37,113.66,115.21,46554289
18-Sep-15,112.21,114.30,111.87,113.45,73418992
17-Sep-15,115.66,116.49,113.72,113.92,63462713
16-Sep-15,116.25,116.54,115.44,116.41,36909956
15-Sep-15,115.93,116.53,114.42,116.28,43004052
14-Sep-15,116.58,116.89,114.86,115.31,58201862
11-Sep-15,111.79,114.21,111.76,114.21,49441846
10-Sep-15,110.27,113.28,109.90,112.57,62675234
9-Sep-15,113.76,114.02,109.77,110.15,84344438
8-Sep-15,111.75,112.56,110.32,112.31,54114204
4-Sep-15,108.97,110.45,108.51,109.27,49628615
3-Sep-15,112.49,112.78,110.04,110.37,52906410
2-Sep-15,110.23,112.34,109.13,112.34,61520170
1-Sep-15,110.15,111.88,107.36,107.72,75988194
31-Aug-15,112.03,114.53,112.00,112.76,55962842
28-Aug-15,112.17,113.31,111.54,113.29,52896384
27-Aug-15,112.23,113.24,110.02,112.92,83265146
26-Aug-15,107.08,109.89,105.05,109.69,96226269
25-Aug-15,111.11,111.11,103.50,103.74,102240208
24-Aug-15,94.87,108.80,92.00,103.12,161454199
21-Aug-15,110.43,111.90,105.64,105.76,126289223
20-Aug-15,114.08,114.35,111.63,112.65,67765523
19-Aug-15,116.10,116.52,114.68,115.01,48286510
18-Aug-15,116.43,117.44,116.01,116.50,34560708
17-Aug-15,116.04,117.65,115.50,117.16,40884745
14-Aug-15,114.32,116.31,114.01,115.96,42929516
13-Aug-15,116.04,116.40,114.54,115.15,48535789
12-Aug-15,112.53,115.42,109.63,115.24,101685610
11-Aug-15,117.81,118.18,113.33,113.49,97082814
10-Aug-15,116.53,119.99,116.53,119.72,54951597
7-Aug-15,114.58,116.25,114.50,115.52,38670405
6-Aug-15,115.97,116.50,114.12,115.13,52903040
5-Aug-15,112.95,117.44,112.10,115.40,99312613
4-Aug-15,117.42,117.70,113.25,114.64,124138623
3-Aug-15,121.50,122.57,117.52,118.44,69975968
31-Jul-15,122.60,122.64,120.91,121.30,42884953
30-Jul-15,122.32,122.57,121.71,122.37,33628268
29-Jul-15,123.15,123.50,122.27,122.99,37011653
28-Jul-15,123.38,123.91,122.55,123.38,33618097
27-Jul-15,123.09,123.61,122.12,122.77,44455540
24-Jul-15,125.32,125.74,123.90,124.50,42162332
23-Jul-15,126.20,127.09,125.06,125.16,50999452
22-Jul-15,121.99,125.50,121.99,125.22,115450607
21-Jul-15,132.85,132.92,130.32,130.75,76756427
20-Jul-15,130.97,132.97,130.70,132.07,58900203
17-Jul-15,129.08,129.62,128.31,129.62,46164710
16-Jul-15,127.74,128.57,127.35,128.51,36222447
15-Jul-15,125.72,127.15,125.58,126.82,33649200
14-Jul-15,126.04,126.37,125.04,125.61,31768139
13-Jul-15,125.03,125.76,124.32,125.66,41440538
10-Jul-15,121.94,123.85,121.21,123.28,61354474
9-Jul-15,123.85,124.06,119.22,120.07,78595038
8-Jul-15,124.48,124.64,122.54,122.57,60761614
7-Jul-15,125.89,126.15,123.77,125.69,46946811
6-Jul-15,124.94,126.23,124.85,126.00,28060431
2-Jul-15,126.43,126.69,125.77,126.44,27210952
1-Jul-15,126.90,126.94,125.99,126.60,30238811
30-Jun-15,125.57,126.12,124.86,125.42,44370682
29-Jun-15,125.46,126.47,124.48,124.53,49161427
26-Jun-15,127.67,127.99,126.51,126.75,44066841
25-Jun-15,128.86,129.20,127.50,127.50,31938100
24-Jun-15,127.21,129.80,127.12,128.11,55280855
23-Jun-15,127.48,127.61,126.88,127.03,30268863
22-Jun-15,127.49,128.06,127.08,127.61,34039345
19-Jun-15,127.71,127.82,126.40,126.60,54716887
18-Jun-15,127.23,128.31,127.22,127.88,35407220
17-Jun-15,127.72,127.88,126.74,127.30,32918071
16-Jun-15,127.03,127.85,126.37,127.60,31494131
15-Jun-15,126.10,127.24,125.71,126.92,43988946
12-Jun-15,128.18,128.33,127.11,127.17,36886246
11-Jun-15,129.18,130.18,128.48,128.59,35390887
10-Jun-15,127.92,129.34,127.85,128.88,39087250
9-Jun-15,126.70,128.08,125.62,127.42,56075420
8-Jun-15,128.90,129.21,126.83,127.80,52674786
5-Jun-15,129.50,129.69,128.36,128.65,35626800
4-Jun-15,129.58,130.58,128.91,129.36,38450118
3-Jun-15,130.66,130.94,129.90,130.12,30983542
2-Jun-15,129.86,130.66,129.32,129.96,33667627
1-Jun-15,130.28,131.39,130.05,130.54,32112797
29-May-15,131.23,131.45,129.90,130.28,50884452
28-May-15,131.86,131.95,131.10,131.78,30733309
27-May-15,130.34,132.26,130.05,132.04,45833246
26-May-15,132.60,132.91,129.12,129.62,70697560
22-May-15,131.60,132.97,131.40,132.54,45595972
21-May-15,130.07,131.63,129.83,131.39,39730364
20-May-15,130.00,130.98,129.34,130.06,36454932
19-May-15,130.69,130.88,129.64,130.07,44633240
18-May-15,128.38,130.72,128.36,130.19,50882918
15-May-15,129.07,129.49,128.21,128.77,38208034
14-May-15,127.41,128.95,127.16,128.95,45203456
13-May-15,126.15,127.19,125.87,126.01,34694235
12-May-15,125.60,126.88,124.82,125.86,48160032
11-May-15,127.39,127.56,125.62,126.32,42035757
8-May-15,126.68,127.62,126.11,127.62,55550382
7-May-15,124.77,126.08,124.02,125.26,43940895
6-May-15,126.56,126.75,123.36,125.01,72141010
5-May-15,128.15,128.45,125.78,125.80,49271416
4-May-15,129.50,130.57,128.26,128.70,50988278
1-May-15,126.10,130.13,125.30,128.95,58512638
30-Apr-15,128.64,127.88,124.58,125.15,83195423
29-Apr-15,130.16,131.59,128.30,128.64,63386083
28-Apr-15,134.46,134.54,129.57,130.56,118923970
27-Apr-15,132.31,133.13,131.15,132.65,96954207
24-Apr-15,130.49,130.63,129.23,130.28,44525905
23-Apr-15,128.30,130.42,128.14,129.67,45770902
22-Apr-15,126.99,128.87,126.32,128.62,37654505
21-Apr-15,128.10,128.20,126.67,126.91,32435057
20-Apr-15,125.57,128.12,125.17,127.60,47054310
17-Apr-15,125.55,126.14,124.46,124.75,51957046
16-Apr-15,126.28,127.10,126.11,126.17,28368987
15-Apr-15,126.41,127.13,126.01,126.78,28970419
14-Apr-15,127.00,127.29,125.91,126.30,25524593
13-Apr-15,128.37,128.57,126.61,126.85,36365123
10-Apr-15,125.95,127.21,125.26,127.10,40187953
9-Apr-15,125.85,126.58,124.66,126.56,32483974
8-Apr-15,125.85,126.40,124.97,125.60,37329243
7-Apr-15,127.64,128.12,125.98,126.01,35012268
6-Apr-15,124.47,127.51,124.33,127.35,37193975
2-Apr-15,125.03,125.56,124.19,125.32,32220131
1-Apr-15,124.82,125.12,123.10,124.25,40621437
31-Mar-15,126.09,126.49,124.36,124.43,42090553
30-Mar-15,124.05,126.40,124.00,126.37,47099670
27-Mar-15,124.57,124.70,122.91,123.25,39546151
26-Mar-15,122.76,124.88,122.60,124.24,47572869
25-Mar-15,126.54,126.82,123.38,123.38,51655177
24-Mar-15,127.23,128.04,126.56,126.69,32842304
23-Mar-15,127.12,127.85,126.52,127.21,37709674
20-Mar-15,128.25,128.40,125.16,125.90,68695136
19-Mar-15,128.75,129.25,127.40,127.50,45809490
18-Mar-15,127.00,129.16,126.37,128.47,65270945
17-Mar-15,125.90,127.32,125.65,127.04,51023104
16-Mar-15,123.88,124.95,122.87,124.95,35874300
13-Mar-15,124.40,125.40,122.58,123.59,51827283
12-Mar-15,122.31,124.90,121.63,124.45,48362719
11-Mar-15,124.75,124.77,122.11,122.24,68938974
10-Mar-15,126.41,127.22,123.80,124.51,68856582
9-Mar-15,127.96,129.57,125.06,127.14,88528487
6-Mar-15,128.40,129.37,126.26,126.60,72842060
5-Mar-15,128.58,128.75,125.76,126.41,56517146
4-Mar-15,129.10,129.56,128.32,128.54,31666340
3-Mar-15,128.96,129.52,128.09,129.36,37816283
2-Mar-15,129.25,130.28,128.30,129.09,48096663
27-Feb-15,130.00,130.57,128.24,128.46,62014847
26-Feb-15,128.78,130.87,126.61,130.42,91287529
25-Feb-15,131.56,131.60,128.15,128.79,74711746
24-Feb-15,132.94,133.60,131.17,132.17,69228130
23-Feb-15,130.02,133.00,129.66,133.00,70974110
20-Feb-15,128.62,129.50,128.05,129.50,48948419
19-Feb-15,128.48,129.03,128.33,128.45,37362381
18-Feb-15,127.62,128.78,127.45,128.72,44891737
17-Feb-15,127.49,128.88,126.92,127.83,63152405
13-Feb-15,127.28,127.28,125.65,127.08,54272219
12-Feb-15,126.06,127.48,125.57,126.46,74474466
11-Feb-15,122.77,124.92,122.50,124.88,73561797
10-Feb-15,120.17,122.15,120.16,122.02,62008506
9-Feb-15,118.55,119.84,118.43,119.72,38889797
6-Feb-15,120.02,120.25,118.45,118.93,43706567
5-Feb-15,120.02,120.23,119.25,119.94,42246245
4-Feb-15,118.50,120.51,118.31,119.56,70149743
3-Feb-15,118.50,119.09,117.61,118.65,51915749
2-Feb-15,118.05,119.17,116.08,118.63,62739100
30-Jan-15,118.40,120.00,116.85,117.16,83745461
29-Jan-15,116.32,119.19,115.56,118.90,84436432
28-Jan-15,117.62,118.12,115.31,115.31,146477063
27-Jan-15,112.42,112.48,109.03,109.14,95568749
26-Jan-15,113.74,114.36,112.80,113.10,55614979
23-Jan-15,112.30,113.75,111.53,112.98,46464828
22-Jan-15,110.26,112.47,109.72,112.40,53796409
21-Jan-15,108.95,111.06,108.27,109.55,48575897
20-Jan-15,107.84,108.97,106.50,108.72,49899907
16-Jan-15,107.03,107.58,105.20,105.99,78513345
15-Jan-15,110.00,110.06,106.66,106.82,60013996
14-Jan-15,109.04,110.49,108.50,109.80,48956588
13-Jan-15,111.43,112.80,108.91,110.22,67091928
12-Jan-15,112.60,112.63,108.80,109.25,49650790
9-Jan-15,112.67,113.25,110.21,112.01,53699527
8-Jan-15,109.23,112.15,108.70,111.89,59364547
7-Jan-15,107.20,108.20,106.70,107.75,40105934
6-Jan-15,106.54,107.43,104.63,106.26,65797116
5-Jan-15,108.29,108.65,105.41,106.25,64285491
2-Jan-15,111.39,111.44,107.35,109.33,53204626
31-Dec-14,112.82,113.13,110.21,110.38,41403351
30-Dec-14,113.64,113.92,112.11,112.52,29881477
29-Dec-14,113.79,114.77,113.70,113.91,27598920
26-Dec-14,112.10,114.52,112.01,113.99,33720951
24-Dec-14,112.58,112.71,112.01,112.01,14479611
23-Dec-14,113.23,113.33,112.46,112.54,26028419
22-Dec-14,112.16,113.49,111.97,112.94,45167549
19-Dec-14,112.26,113.24,111.66,111.78,88429770
18-Dec-14,111.87,112.65,110.66,112.65,59006218
17-Dec-14,107.12,109.84,106.82,109.41,53411773
16-Dec-14,106.37,110.16,106.26,106.74,60790733
15-Dec-14,110.70,111.60,106.35,108.22,67218082
12-Dec-14,110.46,111.87,109.58,109.73,56028138
11-Dec-14,112.26,113.80,111.34,111.62,41471578
10-Dec-14,114.41,114.85,111.54,111.95,44565318
9-Dec-14,110.19,114.30,109.35,114.12,60208036
8-Dec-14,114.10,114.65,111.62,112.40,57664850
5-Dec-14,115.99,116.08,114.64,115.00,38318895
4-Dec-14,115.77,117.20,115.29,115.49,42155776
3-Dec-14,115.75,116.35,115.11,115.93,43063440
2-Dec-14,113.50,115.75,112.75,114.63,59348940
1-Dec-14,118.81,119.25,111.27,115.07,83814037
28-Nov-14,119.27,119.40,118.05,118.93,24814402
26-Nov-14,117.94,119.10,117.83,119.00,40831886
25-Nov-14,119.07,119.75,117.45,117.60,68840440
24-Nov-14,116.85,118.77,116.62,118.62,47450824
21-Nov-14,117.51,117.57,116.03,116.47,57179298
20-Nov-14,114.91,116.86,114.85,116.31,43395537
19-Nov-14,115.44,115.74,113.80,114.67,41869160
18-Nov-14,113.94,115.69,113.89,115.47,44223978
17-Nov-14,114.27,117.28,113.30,113.99,46746712
14-Nov-14,113.15,114.19,113.05,114.18,44063595
13-Nov-14,111.80,113.45,111.60,112.82,59522855
12-Nov-14,109.38,111.43,109.37,111.25,46942431
11-Nov-14,108.70,109.75,108.40,109.70,27442252
10-Nov-14,109.02,109.33,108.67,108.83,27195547
7-Nov-14,108.75,109.32,108.55,109.01,33691535
6-Nov-14,108.60,108.79,107.80,108.70,34968457
5-Nov-14,109.10,109.30,108.12,108.86,37435905
4-Nov-14,109.36,109.49,107.72,108.60,41574365
3-Nov-14,108.22,110.30,108.01,109.40,52282550
31-Oct-14,108.01,108.04,107.21,108.00,44639285
30-Oct-14,106.96,107.35,105.90,106.98,40654793
29-Oct-14,106.65,107.37,106.36,107.34,52687879
28-Oct-14,105.40,106.74,105.35,106.74,48060949
27-Oct-14,104.85,105.48,104.70,105.11,34187701
24-Oct-14,105.18,105.49,104.53,105.22,47053916
23-Oct-14,104.08,105.05,103.63,104.83,71074674
22-Oct-14,102.84,104.11,102.60,102.99,68263146
21-Oct-14,103.02,103.02,101.27,102.47,94623904
20-Oct-14,98.32,99.96,98.22,99.76,77517279
17-Oct-14,97.50,99.00,96.81,97.67,68179688
16-Oct-14,95.55,97.72,95.41,96.26,72154523
15-Oct-14,97.97,99.15,95.18,97.54,100933600
14-Oct-14,100.39,100.52,98.57,98.75,63688562
13-Oct-14,101.33,101.78,99.81,99.81,53583368
10-Oct-14,100.69,102.03,100.30,100.73,66331592
9-Oct-14,101.54,102.38,100.61,101.02,77376525
8-Oct-14,98.76,101.11,98.31,100.80,57404674
7-Oct-14,99.43,100.12,98.73,98.75,42094183
6-Oct-14,99.95,100.65,99.42,99.62,37051182
3-Oct-14,99.44,100.21,99.04,99.62,43469585
2-Oct-14,99.27,100.22,98.04,99.90,47757828
1-Oct-14,100.59,100.69,98.70,99.18,51491286
30-Sep-14,100.81,101.54,100.53,100.75,55264139
29-Sep-14,98.65,100.44,98.63,100.11,49766312
26-Sep-14,98.53,100.75,98.40,100.75,62370501
25-Sep-14,100.51,100.71,97.72,97.87,100091990
24-Sep-14,102.16,102.85,101.20,101.75,60171828
23-Sep-14,100.60,102.94,100.54,102.64,63402196
22-Sep-14,101.80,102.14,100.58,101.06,52788426
19-Sep-14,102.29,102.35,100.88,100.96,70902406
18-Sep-14,101.93,102.35,101.56,101.79,37299435
17-Sep-14,101.27,101.80,100.59,101.58,60926498
16-Sep-14,99.80,101.26,98.89,100.86,66908133
15-Sep-14,102.81,103.05,101.44,101.63,61316516
12-Sep-14,101.21,102.19,101.08,101.66,64096903
11-Sep-14,100.41,101.44,99.62,101.43,62399743
10-Sep-14,98.01,101.11,97.76,101.00,100869587
9-Sep-14,99.08,103.08,96.14,97.99,189846255
8-Sep-14,99.30,99.31,98.05,98.36,46356742
5-Sep-14,98.80,99.39,98.31,98.97,58457035
4-Sep-14,98.85,100.09,97.79,98.12,85718221
3-Sep-14,103.10,103.20,98.58,98.94,125420521
2-Sep-14,103.06,103.74,102.72,103.30,53564262
29-Aug-14,102.86,102.90,102.20,102.50,44595247
28-Aug-14,102.13,102.78,101.56,102.25,68459801
27-Aug-14,101.02,102.57,100.70,102.13,52369011
26-Aug-14,101.42,101.50,100.86,100.89,33151984
25-Aug-14,101.79,102.17,101.28,101.54,40270173
22-Aug-14,100.29,101.47,100.19,101.32,44183834
21-Aug-14,100.57,100.94,100.11,100.58,33478198
20-Aug-14,100.44,101.09,99.95,100.57,52699192
19-Aug-14,99.41,100.68,99.32,100.53,69399270
18-Aug-14,98.49,99.37,97.98,99.16,47572413
15-Aug-14,97.90,98.19,96.86,97.98,48951331
14-Aug-14,97.33,97.57,96.80,97.50,28115566
13-Aug-14,96.15,97.24,96.04,97.24,31916439
12-Aug-14,96.04,96.88,95.61,95.97,33795352
11-Aug-14,95.27,96.08,94.84,95.99,36584844
8-Aug-14,94.26,94.82,93.28,94.74,41865193
7-Aug-14,94.93,95.95,94.10,94.48,46711179
6-Aug-14,94.75,95.48,94.71,94.96,38558342
5-Aug-14,95.36,95.68,94.36,95.12,55932663
4-Aug-14,96.37,96.58,95.17,95.59,39958144
1-Aug-14,94.90,96.62,94.81,96.13,48511286
31-Jul-14,97.16,97.45,95.33,95.60,56842647
30-Jul-14,98.44,98.70,97.67,98.15,33010001
29-Jul-14,99.33,99.44,98.25,98.38,43143095
28-Jul-14,97.82,99.24,97.55,99.02,55317689
25-Jul-14,96.85,97.84,96.64,97.67,43469117
24-Jul-14,97.04,97.32,96.42,97.03,45728843
23-Jul-14,95.42,97.88,95.17,97.19,92917719
22-Jul-14,94.68,94.89,94.12,94.72,55196597
21-Jul-14,94.99,95.00,93.72,93.94,39079002
18-Jul-14,93.62,94.74,93.02,94.43,49987593
17-Jul-14,95.03,95.28,92.57,93.09,57298243
16-Jul-14,96.97,97.10,94.74,94.78,53502415
15-Jul-14,96.80,96.85,95.03,95.32,45696176
14-Jul-14,95.86,96.89,95.65,96.45,42810155
11-Jul-14,95.36,95.89,94.86,95.22,34018228
10-Jul-14,93.76,95.55,93.52,95.04,39685552
9-Jul-14,95.44,95.95,94.76,95.39,36436440
8-Jul-14,96.27,96.80,93.92,95.35,65221678
7-Jul-14,94.14,95.99,94.10,95.97,56467939
3-Jul-14,93.67,94.10,93.20,94.03,22891753
2-Jul-14,93.86,94.06,93.09,93.48,28465073
1-Jul-14,93.52,94.07,93.13,93.52,38223477
30-Jun-14,92.10,93.72,92.09,92.93,49589028
27-Jun-14,90.82,92.00,90.77,91.98,64028803
26-Jun-14,90.37,91.05,89.80,90.90,32629359
25-Jun-14,90.21,90.70,89.65,90.36,36868541
24-Jun-14,90.75,91.74,90.19,90.28,39036087
23-Jun-14,91.32,91.62,90.60,90.83,43694391
20-Jun-14,91.85,92.55,90.90,90.91,100898066
19-Jun-14,92.29,92.30,91.34,91.86,35527686
18-Jun-14,92.27,92.29,91.35,92.18,33514108
17-Jun-14,92.31,92.70,91.80,92.08,29726347
16-Jun-14,91.51,92.75,91.45,92.20,35561270
13-Jun-14,92.20,92.44,90.88,91.28,54525280
12-Jun-14,94.04,94.12,91.90,92.29,54748791
11-Jun-14,94.13,94.76,93.47,93.86,45681114
10-Jun-14,94.73,95.05,93.57,94.25,62777042
9-Jun-14,92.70,93.88,91.75,93.70,75414804
6-Jun-14,92.84,93.04,92.07,92.22,87620911
5-Jun-14,92.31,92.77,91.80,92.48,75951141
4-Jun-14,91.06,92.56,90.87,92.12,83870521
3-Jun-14,89.78,91.25,89.75,91.08,73231620
2-Jun-14,90.57,90.69,88.93,89.81,92337903
30-May-14,91.14,92.02,89.84,90.43,141005137
29-May-14,89.69,90.98,89.68,90.77,94118633
28-May-14,89.43,89.98,89.11,89.14,78921885
27-May-14,87.98,89.41,87.95,89.38,87216605
23-May-14,86.75,87.82,86.64,87.73,58052491
22-May-14,86.66,87.12,86.30,86.75,50218945
21-May-14,86.26,86.67,86.01,86.62,49249914
20-May-14,86.36,86.63,85.82,86.39,58708986
19-May-14,85.41,86.76,85.33,86.37,79439024
16-May-14,84.09,85.36,83.63,85.36,69091834
15-May-14,84.96,85.23,84.01,84.12,57711731
14-May-14,84.63,85.34,84.53,84.84,41600846
13-May-14,84.57,84.93,84.39,84.82,39934594
12-May-14,83.93,84.81,83.91,84.69,53324677
9-May-14,83.51,83.75,82.90,83.65,72899498
8-May-14,84.04,84.92,83.77,84.00,57574363
7-May-14,85.04,85.33,83.96,84.62,70715988
6-May-14,85.97,86.34,84.92,84.92,93641373
5-May-14,84.31,85.86,84.29,85.85,71766758
2-May-14,84.62,84.89,84.24,84.65,47878572
1-May-14,84.57,84.97,83.77,84.50,61052418
30-Apr-14,84.66,85.63,84.26,84.30,114220883
29-Apr-14,84.82,85.14,84.22,84.62,84344673
28-Apr-14,81.83,85.11,81.79,84.87,167371680
25-Apr-14,80.65,81.71,80.57,81.71,97568814
24-Apr-14,81.17,81.43,80.10,81.11,189978082
23-Apr-14,75.58,75.88,74.92,74.96,98735259
22-Apr-14,75.47,75.98,75.21,75.96,50664453
21-Apr-14,75.05,76.02,74.85,75.88,45668931
17-Apr-14,74.29,75.39,74.17,74.99,71106721
16-Apr-14,74.01,74.44,73.45,74.14,53732994
15-Apr-14,74.32,74.52,73.05,73.99,66622577
14-Apr-14,74.56,74.59,73.89,74.53,51445177
11-Apr-14,74.14,74.69,73.88,74.23,67975012
10-Apr-14,75.81,76.03,74.74,74.78,59912818
9-Apr-14,74.66,75.78,74.57,75.76,51542722
8-Apr-14,75.03,75.16,74.10,74.78,60971883
7-Apr-14,75.43,75.84,74.56,74.78,72462530
4-Apr-14,77.12,77.14,75.80,75.97,68812485
3-Apr-14,77.34,77.50,76.81,76.97,40648111
2-Apr-14,77.48,77.64,77.18,77.51,45104871
1-Apr-14,76.82,77.41,76.68,77.38,50189685
31-Mar-14,77.03,77.26,76.56,76.68,42167188
28-Mar-14,76.90,76.99,76.32,76.69,50141063
27-Mar-14,77.14,77.36,76.45,76.78,55507676
26-Mar-14,78.07,78.43,76.98,77.11,74942224
25-Mar-14,77.36,77.96,77.08,77.86,70573356
24-Mar-14,76.92,77.21,76.44,77.03,88924871
21-Mar-14,75.99,76.25,75.19,76.12,93612169
20-Mar-14,75.70,76.10,75.34,75.53,52099537
19-Mar-14,76.04,76.61,75.57,75.89,56188958
18-Mar-14,75.13,76.00,75.03,75.91,52411863
17-Mar-14,75.39,75.71,75.12,75.25,49886074
14-Mar-14,75.54,75.84,74.71,74.96,59299492
13-Mar-14,76.78,77.09,75.59,75.81,64435609
12-Mar-14,76.36,76.76,76.00,76.66,50195460
11-Mar-14,76.49,76.96,76.08,76.58,70198849
10-Mar-14,75.48,76.19,75.48,75.85,44691430
7-Mar-14,75.87,76.00,75.15,75.78,55415241
6-Mar-14,76.11,76.35,75.44,75.82,46423111
5-Mar-14,75.85,76.39,75.59,76.05,50065519
4-Mar-14,75.86,76.09,75.40,75.89,64884834
3-Mar-14,74.77,75.81,74.69,75.39,59784494
28-Feb-14,75.58,76.11,74.59,75.18,93074653
27-Feb-14,73.88,75.54,73.72,75.38,75557321
26-Feb-14,74.80,75.00,73.66,73.91,69131286
25-Feb-14,75.63,75.65,74.43,74.58,58247350
24-Feb-14,74.74,75.70,74.63,75.36,72364950
21-Feb-14,76.11,76.37,74.94,75.04,69757247
20-Feb-14,76.14,76.71,75.57,75.88,76529103
19-Feb-14,77.82,78.13,76.34,76.77,78554420
18-Feb-14,78.00,78.74,77.94,78.00,65306248
14-Feb-14,77.50,78.00,77.32,77.71,68468036
13-Feb-14,76.38,77.84,76.31,77.78,76960156
12-Feb-14,76.71,77.08,76.18,76.56,77127064
11-Feb-14,75.80,76.82,75.64,76.57,70672252
10-Feb-14,74.09,76.00,74.00,75.57,86451022
7-Feb-14,74.48,74.70,73.91,74.24,93638601
6-Feb-14,72.87,73.36,72.54,73.22,64497223
5-Feb-14,72.37,73.61,72.32,73.23,82322156
4-Feb-14,72.26,72.78,71.82,72.68,94273543
3-Feb-14,71.80,72.53,71.33,71.65,100620772
31-Jan-14,70.74,71.65,70.51,71.51,116336444
30-Jan-14,71.79,72.36,70.96,71.40,169762789
29-Jan-14,71.99,72.48,71.23,71.54,125942796
28-Jan-14,72.68,73.57,71.72,72.36,266833581
27-Jan-14,78.58,79.26,77.96,78.64,144219152
24-Jan-14,79.14,79.37,77.82,78.01,108384437
23-Jan-14,78.56,79.50,77.83,79.45,100978346
22-Jan-14,78.70,79.61,78.26,78.79,95219334
21-Jan-14,77.28,78.58,77.20,78.44,82255544
17-Jan-14,78.78,78.87,77.13,77.24,108426689
16-Jan-14,79.27,79.55,78.81,79.18,57471330
15-Jan-14,79.07,80.03,78.81,79.62,98472619
14-Jan-14,76.89,78.10,76.81,78.06,83734371
13-Jan-14,75.70,77.50,75.70,76.53,94860843
10-Jan-14,77.12,77.26,75.87,76.13,76320664
9-Jan-14,78.11,78.12,76.48,76.65,69905199
8-Jan-14,76.97,77.94,76.96,77.64,64686685
7-Jan-14,77.76,77.99,76.85,77.15,79432766
6-Jan-14,76.78,78.11,76.23,77.70,103359151
3-Jan-14,78.98,79.10,77.20,77.28,98303870
2-Jan-14,79.38,79.58,78.86,79.02,58791957
31-Dec-13,79.17,80.18,79.14,80.15,55819372
30-Dec-13,79.64,80.01,78.90,79.22,63407722
27-Dec-13,80.55,80.63,79.93,80.01,56471317
26-Dec-13,81.16,81.36,80.48,80.56,51002035
24-Dec-13,81.41,81.70,80.86,81.10,41888735
23-Dec-13,81.14,81.53,80.39,81.44,125326831
20-Dec-13,77.91,78.80,77.83,78.43,109103435
19-Dec-13,78.38,78.57,77.68,77.78,80239369
18-Dec-13,78.21,78.78,76.97,78.68,141465807
17-Dec-13,79.39,79.92,79.05,79.28,57475649
16-Dec-13,79.37,80.38,79.29,79.64,70648452
13-Dec-13,80.34,80.41,79.10,79.20,83205283
12-Dec-13,80.38,80.76,80.00,80.08,65572318
11-Dec-13,81.01,81.57,79.96,80.19,89929693
10-Dec-13,80.52,81.13,80.17,80.79,69567610
9-Dec-13,80.14,81.37,80.13,80.92,80123533
6-Dec-13,80.83,80.96,79.94,80.00,86088352
5-Dec-13,81.81,82.16,80.92,81.13,111895315
4-Dec-13,80.79,81.31,80.12,80.71,94452666
3-Dec-13,79.76,80.91,79.67,80.90,112741734
2-Dec-13,79.71,80.62,78.69,78.75,118135885
29-Nov-13,78.50,79.76,78.26,79.44,79532215
27-Nov-13,76.62,78.00,76.20,77.99,90861841
26-Nov-13,74.87,76.59,74.86,76.20,100345728
25-Nov-13,74.43,75.12,74.43,74.82,57348403
22-Nov-13,74.22,74.59,74.08,74.26,55931232
21-Nov-13,73.94,74.46,73.38,74.45,65506861
20-Nov-13,74.18,74.35,73.48,73.57,48545798
19-Nov-13,74.15,74.77,74.00,74.22,52234707
18-Nov-13,75.00,75.31,74.03,74.09,61236224
15-Nov-13,75.23,75.58,74.93,75.00,79479764
14-Nov-13,74.69,75.61,74.55,75.45,70605087
13-Nov-13,74.00,74.61,73.85,74.38,49304927
12-Nov-13,73.95,74.85,73.86,74.29,51114651
11-Nov-13,74.28,74.52,73.49,74.15,56863303
8-Nov-13,73.51,74.45,73.23,74.37,69829543
7-Nov-13,74.23,74.74,73.20,73.21,65655100
6-Nov-13,74.88,74.98,74.03,74.42,55844152
5-Nov-13,74.94,75.56,74.71,75.06,66368071
4-Nov-13,74.44,75.26,74.12,75.25,61157033
1-Nov-13,74.86,74.97,73.69,74.29,68722304
31-Oct-13,75.00,75.36,74.47,74.67,68923785
30-Oct-13,74.23,75.36,73.86,74.98,88540697
29-Oct-13,76.61,77.04,73.51,73.81,158952115
28-Oct-13,75.58,75.86,74.74,75.70,137610123
25-Oct-13,75.90,76.18,75.02,75.14,84448133
24-Oct-13,75.00,76.07,74.64,75.99,96191095
23-Oct-13,74.14,75.10,74.14,74.99,78431122
22-Oct-13,75.20,75.49,72.58,74.27,133515753
21-Oct-13,73.11,74.90,73.07,74.48,99526945
18-Oct-13,72.28,72.75,72.24,72.70,72635570
17-Oct-13,71.43,72.11,71.38,72.07,63398335
16-Oct-13,71.54,71.79,71.32,71.59,62775013
15-Oct-13,71.07,71.71,70.79,71.24,80018603
14-Oct-13,69.98,71.08,69.91,70.86,65474542
11-Oct-13,69.57,70.55,69.31,70.40,66934938
10-Oct-13,70.19,70.34,69.58,69.95,69650490
9-Oct-13,69.23,69.68,68.33,69.51,75431216
8-Oct-13,69.99,70.09,68.65,68.71,72729006
7-Oct-13,69.51,70.38,69.34,69.68,78073107
4-Oct-13,69.12,69.23,68.37,69.00,64717380
3-Oct-13,70.07,70.34,68.68,69.06,80688503
2-Oct-13,69.38,70.26,69.11,69.94,72295902
1-Oct-13,68.35,69.88,68.34,69.71,88470655
30-Sep-13,68.18,68.81,67.77,68.11,65039408
27-Sep-13,69.11,69.24,68.67,68.96,57009729
26-Sep-13,69.43,69.79,69.13,69.46,59305183
25-Sep-13,69.89,69.95,68.78,68.79,79239167
24-Sep-13,70.70,70.78,69.69,69.87,91085743
23-Sep-13,70.87,70.99,68.94,70.09,190526525
20-Sep-13,68.29,68.36,66.57,66.77,174825322
19-Sep-13,67.24,67.98,67.04,67.47,101134712
18-Sep-13,66.17,66.62,65.81,66.38,114215304
17-Sep-13,63.99,65.67,63.93,65.05,99844773
16-Sep-13,65.86,65.94,63.89,64.30,137137665
13-Sep-13,67.05,67.40,66.39,66.41,74708438
12-Sep-13,66.93,67.91,66.57,67.53,101012471
11-Sep-13,66.72,67.67,66.40,66.82,223526688
10-Sep-13,72.31,72.49,69.93,70.66,185798872
9-Sep-13,72.14,72.56,71.93,72.31,85171583
6-Sep-13,71.21,71.34,69.99,71.17,89881253
5-Sep-13,71.46,71.53,70.52,70.75,59091879
4-Sep-13,71.37,71.75,70.90,71.24,86257878
3-Sep-13,70.44,71.51,69.62,69.80,83025166
30-Aug-13,70.29,70.42,69.50,69.60,68100788
29-Aug-13,70.24,70.93,70.16,70.24,59913714
28-Aug-13,69.43,70.83,69.43,70.13,76901678
27-Aug-13,71.14,71.79,69.47,69.80,106047109
26-Aug-13,71.54,72.89,71.50,71.85,82741050
23-Aug-13,71.90,71.91,71.34,71.57,55682221
22-Aug-13,72.14,72.23,71.17,71.85,61051676
21-Aug-13,71.94,72.45,71.60,71.77,83969305
20-Aug-13,72.82,72.94,71.55,71.58,89671743
19-Aug-13,72.05,73.39,72.00,72.53,127629481
16-Aug-13,71.45,71.85,71.27,71.76,90575856
15-Aug-13,70.92,71.77,69.87,71.13,122573507
14-Aug-13,71.13,72.04,70.49,71.21,189092911
13-Aug-13,67.28,70.67,66.86,69.94,220484936
12-Aug-13,65.27,66.95,65.23,66.77,91108290
9-Aug-13,65.52,65.78,64.81,64.92,66905209
8-Aug-13,66.26,66.30,65.42,65.86,63999838
7-Aug-13,66.26,66.71,65.97,66.43,74713968
6-Aug-13,66.86,67.41,66.02,66.46,83728540
5-Aug-13,66.38,67.24,66.02,67.06,79713592
2-Aug-13,65.43,66.12,65.24,66.08,68695326
1-Aug-13,65.11,65.26,64.75,65.24,51562322
31-Jul-13,65.00,65.33,64.20,64.65,80739351
30-Jul-13,64.28,65.31,64.18,64.76,77355565
29-Jul-13,62.97,64.28,62.89,63.97,62110300
26-Jul-13,62.19,63.01,62.05,63.00,50068753
25-Jul-13,62.96,63.06,62.26,62.64,57420636
24-Jul-13,62.70,63.51,62.18,62.93,148013824
23-Jul-13,60.86,60.99,59.82,59.86,92348403
22-Jul-13,61.35,61.39,60.78,60.90,51997596
19-Jul-13,61.87,62.00,60.62,60.71,67194715
18-Jul-13,61.91,62.12,61.52,61.68,54760818
17-Jul-13,61.39,61.75,61.17,61.47,49764064
16-Jul-13,60.93,61.53,60.60,61.46,54134367
15-Jul-13,60.72,61.64,60.69,61.06,60543105
12-Jul-13,61.09,61.40,60.49,60.93,69910463
11-Jul-13,60.42,61.18,60.17,61.04,81618964
10-Jul-13,59.94,60.69,59.75,60.10,70350819
9-Jul-13,59.09,60.50,58.63,60.34,88172238
8-Jul-13,60.02,60.14,58.66,59.29,74578420
5-Jul-13,60.06,60.47,59.34,59.63,68520760
3-Jul-13,60.12,60.43,59.64,60.11,60232158
2-Jul-13,58.57,60.23,58.50,59.78,117521579
1-Jul-13,57.53,58.90,57.32,58.46,97793045
28-Jun-13,55.91,57.18,55.55,56.65,144659417
27-Jun-13,57.04,57.34,56.22,56.25,84350049
26-Jun-13,57.70,57.83,56.52,56.87,91986573
25-Jun-13,57.96,58.26,56.98,57.52,78584786
24-Jun-13,58.20,58.38,56.86,57.51,120186430
21-Jun-13,59.78,60.00,58.30,59.07,120297338
20-Jun-13,59.90,60.85,59.31,59.55,89374558
19-Jun-13,61.63,61.67,60.43,60.43,77757785
18-Jun-13,61.65,62.13,61.46,61.68,48790448
17-Jun-13,61.63,62.24,61.48,61.71,64860453
14-Jun-13,62.20,62.33,61.21,61.44,65672880
13-Jun-13,61.79,62.45,61.25,62.28,71528086
12-Jun-13,62.79,63.04,61.64,61.74,66356668
11-Jun-13,62.25,63.25,61.90,62.51,71426348
10-Jun-13,63.53,64.15,62.40,62.70,112589043
7-Jun-13,62.36,63.32,61.82,63.12,101185686
6-Jun-13,63.64,63.86,62.01,62.64,104268458
5-Jun-13,63.66,64.39,63.39,63.59,72647337
4-Jun-13,64.75,64.92,63.91,64.19,73181521
3-Jun-13,63.97,64.62,63.21,64.39,93087841
31-May-13,64.64,65.30,64.21,64.25,96075042
30-May-13,63.66,64.93,63.50,64.51,88428648
29-May-13,62.86,63.93,62.77,63.56,82695669
28-May-13,64.27,64.44,62.98,63.06,96536188
24-May-13,62.98,63.67,62.91,63.59,69106639
23-May-13,62.28,63.74,62.26,63.16,88345236
22-May-13,63.44,64.05,62.60,63.05,110814858
21-May-13,62.59,63.64,62.03,62.81,114074240
20-May-13,61.70,63.69,61.44,63.28,112893984
17-May-13,62.72,62.87,61.57,61.89,107019829
16-May-13,60.46,62.55,59.84,62.08,150866478
15-May-13,62.74,63.00,60.34,61.26,185403085
14-May-13,64.84,65.03,63.16,63.41,111778940
13-May-13,64.50,65.41,64.50,64.96,79277310
10-May-13,65.42,65.67,64.35,64.71,83712482
9-May-13,65.69,66.14,65.08,65.25,99687476
8-May-13,65.58,66.48,65.12,66.26,118149038
7-May-13,66.42,66.54,64.81,65.52,120938076
6-May-13,65.10,66.03,64.90,65.82,124160162
3-May-13,64.47,64.75,64.16,64.28,90381788
2-May-13,63.11,64.08,62.95,63.65,105506184
1-May-13,63.49,63.56,62.06,62.76,126788697
30-Apr-13,62.16,63.61,61.72,63.25,172884362
29-Apr-13,60.06,61.94,60.00,61.45,160081110
26-Apr-13,58.54,59.82,58.32,59.60,191068990
25-Apr-13,58.75,59.13,58.14,58.34,96209155
24-Apr-13,56.22,59.32,56.07,57.92,242458391
23-Apr-13,57.71,58.34,56.97,58.02,166058949
22-Apr-13,56.09,57.46,55.90,56.95,107479442
19-Apr-13,55.42,57.09,55.01,55.79,152318201
18-Apr-13,57.86,57.97,55.68,56.01,166574163
17-Apr-13,60.04,60.09,56.87,57.54,236263461
16-Apr-13,60.22,60.94,60.08,60.89,76442758
15-Apr-13,61.00,61.13,59.94,59.98,79379706
12-Apr-13,62.02,62.02,61.30,61.40,59681279
11-Apr-13,61.96,62.57,61.60,62.05,82154093
10-Apr-13,61.16,62.44,60.86,62.24,93981748
9-Apr-13,60.91,61.21,60.39,61.00,76688115
8-Apr-13,60.69,61.07,60.36,60.89,75264742
5-Apr-13,60.64,60.71,59.95,60.46,95923478
4-Apr-13,61.97,62.14,60.75,61.10,89664638
3-Apr-13,61.62,62.47,61.47,61.71,90803727
2-Apr-13,61.09,62.59,60.91,61.40,132443234
1-Apr-13,63.13,63.38,61.11,61.27,97432489
28-Mar-13,64.26,64.55,63.09,63.24,110745586
27-Mar-13,65.21,65.26,64.39,64.58,82852294
26-Mar-13,66.49,66.55,65.79,65.88,73573423
25-Mar-13,66.38,67.14,65.97,66.23,125283438
22-Mar-13,64.94,66.01,64.73,65.99,98776111
21-Mar-13,64.32,65.43,64.30,64.68,95813410
20-Mar-13,65.35,65.38,64.23,64.58,77165158
19-Mar-13,65.64,65.85,64.07,64.93,131693310
18-Mar-13,63.06,65.35,63.03,65.10,151549090
15-Mar-13,62.56,63.46,62.46,63.38,160989787
14-Mar-13,61.83,62.09,61.49,61.79,75968746
13-Mar-13,61.21,62.07,60.77,61.19,101454192
12-Mar-13,62.23,62.70,61.08,61.20,116477473
11-Mar-13,61.39,62.72,60.73,62.55,118558356
8-Mar-13,61.40,62.20,61.23,61.67,97898983
7-Mar-13,60.64,61.72,60.15,61.51,117117826
6-Mar-13,62.07,62.18,60.63,60.81,115062269
5-Mar-13,60.21,62.17,60.11,61.59,159607042
4-Mar-13,61.11,61.17,59.86,60.01,145684399
1-Mar-13,62.57,62.60,61.43,61.50,138111792
28-Feb-13,63.44,63.98,63.06,63.06,80628737
27-Feb-13,64.06,64.63,62.95,63.51,146836928
26-Feb-13,63.40,64.51,62.52,64.14,125374074
25-Feb-13,64.84,65.02,63.22,63.26,93144464
22-Feb-13,64.18,64.51,63.80,64.40,82663644
21-Feb-13,63.71,64.17,63.26,63.72,111795180
20-Feb-13,65.38,65.38,64.11,64.12,119074886
19-Feb-13,65.87,66.10,64.84,65.71,108944213
15-Feb-13,66.98,67.17,65.70,65.74,97981177
14-Feb-13,66.36,67.38,66.29,66.66,88876501
13-Feb-13,66.74,67.66,66.17,66.72,118801221
12-Feb-13,68.50,68.91,66.82,66.84,152262712
11-Feb-13,68.07,69.28,67.61,68.56,129358516
8-Feb-13,67.71,68.40,66.89,67.85,158288984
7-Feb-13,66.18,67.14,64.87,66.89,176145074
6-Feb-13,65.21,66.64,64.65,65.34,148426012
5-Feb-13,63.44,65.68,63.17,65.41,143336536
4-Feb-13,64.84,65.13,63.14,63.19,119278754
1-Feb-13,65.59,65.64,64.05,64.80,134867089
31-Jan-13,65.28,65.61,65.00,65.07,79833215
30-Jan-13,65.29,66.09,64.93,65.26,104288317
29-Jan-13,65.50,65.74,64.59,65.47,142768017
28-Jan-13,62.55,64.74,62.27,64.26,196378931
25-Jan-13,64.53,65.18,62.14,62.84,301993503
24-Jan-13,65.71,66.53,64.32,64.36,365212953
23-Jan-13,72.69,73.57,72.11,73.43,215375853
22-Jan-13,72.08,72.55,70.95,72.11,115386173
18-Jan-13,71.22,71.75,70.91,71.43,118287267
17-Jan-13,72.90,72.96,71.72,71.81,113412579
16-Jan-13,70.66,72.78,70.36,72.30,172700045
15-Jan-13,71.19,71.28,69.05,69.42,219192932
14-Jan-13,71.81,72.50,71.22,71.68,183544396
11-Jan-13,74.43,75.05,74.15,74.33,87688741
10-Jan-13,75.51,75.53,73.65,74.79,150285296
9-Jan-13,74.64,75.00,73.71,73.87,101899959
8-Jan-13,75.60,75.98,74.46,75.04,114676751
7-Jan-13,74.60,75.60,73.60,74.80,121038176
4-Jan-13,76.71,76.95,75.12,75.29,148581860
3-Jan-13,78.27,78.52,77.29,77.44,88240950
2-Jan-13,79.12,79.29,77.38,78.43,140124866
31-Dec-12,72.93,76.49,72.71,76.02,164872785
28-Dec-12,72.90,73.50,72.59,72.80,88569243
27-Dec-12,73.36,73.75,72.09,73.58,113779680
26-Dec-12,74.14,74.21,73.02,73.29,75609030
24-Dec-12,74.34,74.89,74.10,74.31,43936977
21-Dec-12,73.21,74.24,72.89,74.19,149129554
20-Dec-12,75.71,75.74,74.13,74.53,120421798
19-Dec-12,75.92,76.24,75.07,75.19,112340424
18-Dec-12,75.00,76.41,74.32,76.27,156417023
17-Dec-12,72.70,74.29,71.60,74.12,189736022
14-Dec-12,73.54,74.02,72.23,72.83,252394499
13-Dec-12,75.88,76.81,75.11,75.67,156314627
12-Dec-12,78.25,78.29,76.61,77.00,121783130
11-Dec-12,77.11,78.51,76.77,77.34,148085903
10-Dec-12,75.00,76.93,74.51,75.69,157620575
7-Dec-12,79.06,79.31,75.71,76.18,196941794
6-Dec-12,75.56,79.04,74.09,78.18,294301791
5-Dec-12,81.27,81.32,76.97,76.97,261159353
4-Dec-12,83.11,83.11,81.73,82.26,139482392
3-Dec-12,84.81,84.94,83.64,83.74,91069097
30-Nov-12,83.83,84.06,83.24,83.61,97824986
29-Nov-12,84.32,84.89,83.61,84.19,128674525
28-Nov-12,82.47,83.69,81.75,83.28,130264981
27-Nov-12,84.22,84.35,82.87,83.54,133328454
26-Nov-12,82.27,84.29,81.96,84.22,157644431
23-Nov-12,81.02,81.71,80.37,81.64,68206579
21-Nov-12,80.61,81.05,79.51,80.24,93306759
20-Nov-12,81.70,81.71,79.23,80.13,160687856
19-Nov-12,77.24,81.07,77.13,80.82,205792965
16-Nov-12,75.03,75.71,72.25,75.38,316722763
15-Nov-12,76.79,77.07,74.66,75.09,197477385
14-Nov-12,77.93,78.21,76.60,76.70,119291977
13-Nov-12,76.99,78.64,76.62,77.56,133302610
12-Nov-12,79.16,79.21,76.95,77.55,128950479
9-Nov-12,77.20,79.27,76.25,78.15,232476496
8-Nov-12,80.09,80.32,76.47,76.82,264036339
7-Nov-12,81.98,82.08,79.39,79.71,198412186
6-Nov-12,84.32,84.39,82.87,83.26,93729041
5-Nov-12,83.36,83.97,82.51,83.52,132321224
2-Nov-12,85.13,85.28,82.11,82.40,149843064
1-Nov-12,85.46,86.14,84.88,85.22,90361922
31-Oct-12,84.98,85.99,83.96,85.05,127500471
26-Oct-12,87.06,87.71,84.43,86.29,254605834
25-Oct-12,88.57,88.86,86.51,87.08,164081393
24-Oct-12,88.78,89.51,87.23,88.12,139631772
23-Oct-12,90.14,90.56,87.39,87.62,176786197
22-Oct-12,87.49,90.77,87.25,90.58,136682392
19-Oct-12,90.15,90.25,87.09,87.12,186021017
18-Oct-12,91.37,91.72,90.00,90.38,119155512
17-Oct-12,92.70,93.26,92.00,92.09,97327643
16-Oct-12,90.77,92.90,90.14,92.83,137442816
15-Oct-12,90.34,90.73,89.12,90.68,108124961
12-Oct-12,89.94,90.77,89.33,89.96,115003665
11-Oct-12,92.40,92.50,89.70,89.70,136520097
10-Oct-12,91.39,92.14,91.00,91.56,127588930
9-Oct-12,91.24,91.50,89.08,90.84,209648887
8-Oct-12,92.41,92.51,90.87,91.17,159494867
5-Oct-12,95.03,95.14,93.04,93.23,148501108
4-Oct-12,95.89,96.32,95.08,95.26,92688813
3-Oct-12,94.98,95.98,94.66,95.92,106069719
2-Oct-12,94.54,95.19,92.95,94.47,156997638
1-Oct-12,95.88,96.68,93.79,94.20,135895921
28-Sep-12,96.96,97.30,95.25,95.30,133777077
27-Sep-12,94.90,97.45,94.34,97.33,148522031
26-Sep-12,95.53,96.10,94.46,95.03,144175906
25-Sep-12,98.32,98.97,96.14,96.22,129690449
24-Sep-12,98.12,99.30,97.57,98.68,159936196
21-Sep-12,100.34,100.72,99.91,100.01,142897076
20-Sep-12,99.88,100.01,99.09,99.81,84141932
19-Sep-12,100.04,100.57,99.94,100.30,81715004
18-Sep-12,99.98,100.33,99.49,100.27,93375667
17-Sep-12,99.91,99.97,99.23,99.97,99507499
14-Sep-12,98.56,99.57,98.27,98.75,150118311
13-Sep-12,96.77,97.93,96.40,97.57,149589629
12-Sep-12,95.26,95.70,93.71,95.68,178054492
11-Sep-12,95.02,95.73,93.79,94.37,125984852
10-Sep-12,97.21,97.61,94.59,94.68,121998898
7-Sep-12,96.86,97.50,96.54,97.21,82416145
6-Sep-12,96.17,96.90,95.83,96.61,97845664
5-Sep-12,96.51,96.62,95.66,95.75,84090475
4-Sep-12,95.11,96.45,94.93,96.42,91972629
31-Aug-12,95.32,95.51,93.89,95.03,84579607
30-Aug-12,95.81,95.94,94.69,94.84,75672793
29-Aug-12,96.46,96.81,96.09,96.21,50701084
28-Aug-12,96.43,96.59,95.81,96.40,66844323
27-Aug-12,97.14,97.27,96.22,96.53,106728601
24-Aug-12,94.22,95.64,93.65,94.75,109334113
23-Aug-12,95.16,95.70,94.45,94.66,105029568
22-Aug-12,93.49,95.57,92.59,95.55,141330637
21-Aug-12,95.83,96.41,92.90,93.72,203176260
20-Aug-12,92.86,95.02,92.84,95.02,153345689
17-Aug-12,91.43,92.60,91.26,92.59,110689894
16-Aug-12,90.17,90.97,90.07,90.91,63694204
15-Aug-12,90.19,90.57,89.68,90.12,64377278
14-Aug-12,90.27,91.23,90.03,90.24,85041824
13-Aug-12,89.06,90.00,89.04,90.00,69707463
10-Aug-12,88.39,88.82,88.39,88.81,48765045
9-Aug-12,88.26,88.82,88.26,88.68,55452586
8-Aug-12,88.48,89.13,88.16,88.55,61176080
7-Aug-12,88.97,89.29,88.29,88.70,72627492
6-Aug-12,88.18,89.27,87.89,88.94,75580008
3-Aug-12,87.66,88.28,87.37,87.96,86228604
2-Aug-12,86.12,87.24,85.75,86.83,83062203
1-Aug-12,87.99,88.06,86.14,86.69,96124742
31-Jul-12,86.18,87.39,86.10,87.25,115581676
30-Jul-12,84.42,85.63,83.97,85.00,94784970
27-Jul-12,82.14,83.69,81.66,83.59,101013241
26-Jul-12,82.82,82.91,81.48,82.13,101702580
25-Jul-12,82.07,82.97,81.43,82.14,219314368
24-Jul-12,86.77,87.10,85.50,85.85,141283044
23-Jul-12,84.91,86.56,83.96,86.26,121993795
20-Jul-12,87.58,87.78,86.24,86.33,99367450
19-Jul-12,87.33,87.91,86.57,87.76,109214567
18-Jul-12,86.66,86.91,86.22,86.61,63174888
17-Jul-12,87.26,87.36,86.16,86.71,73453037
16-Jul-12,86.45,87.37,86.43,86.70,75326342
13-Jul-12,86.14,86.74,85.71,86.42,77904449
12-Jul-12,85.75,86.21,84.67,85.56,106997163
11-Jul-12,86.59,86.81,85.32,86.35,117329366
10-Jul-12,88.28,88.55,86.47,86.89,127989407
9-Jul-12,86.47,87.70,86.30,87.70,94850224
6-Jul-12,86.73,86.92,85.94,86.55,104757156
5-Jul-12,85.79,87.76,85.66,87.13,121095121
3-Jul-12,84.98,85.71,84.86,85.63,60428165
2-Jul-12,83.53,84.78,83.37,84.65,100022776
29-Jun-12,82.57,83.43,82.04,83.43,105360031
28-Jun-12,81.67,82.00,80.80,81.29,70760543
27-Jun-12,82.14,82.39,81.70,82.07,50764770
26-Jun-12,81.62,82.07,81.05,81.72,69187503
25-Jun-12,82.47,82.83,81.48,81.54,76088656
22-Jun-12,82.72,83.17,82.20,83.16,71186311
21-Jun-12,83.63,84.03,82.49,82.52,81626258
20-Jun-12,84.03,84.18,82.97,83.68,89789644
19-Jun-12,83.34,84.29,83.30,83.92,90350932
18-Jun-12,81.57,83.98,81.48,83.68,110102790
15-Jun-12,81.57,82.09,81.36,82.02,83813380
14-Jun-12,81.61,81.93,81.04,81.65,86460283
13-Jun-12,82.07,82.64,81.48,81.74,73443230
12-Jun-12,82.07,82.37,80.96,82.31,108894961
11-Jun-12,83.96,84.07,81.52,81.60,147815696
8-Jun-12,81.66,82.94,81.29,82.90,86872870
7-Jun-12,82.47,82.47,81.50,81.67,94993164
6-Jun-12,81.11,81.98,80.79,81.64,100362262
5-Jun-12,80.18,80.92,79.76,80.40,97053376
4-Jun-12,80.21,81.07,78.36,80.61,139247129
1-Jun-12,81.31,81.81,80.07,80.14,130245094
31-May-12,82.96,83.07,81.64,82.53,122977603
30-May-12,81.31,82.86,80.94,82.74,132355209
29-May-12,81.56,82.00,80.76,81.75,95126346
25-May-12,80.66,80.84,79.78,80.33,82116552
24-May-12,82.27,82.36,80.18,80.76,124049506
23-May-12,79.64,81.83,79.03,81.51,146224365
22-May-12,81.36,81.98,78.94,79.57,173696754
21-May-12,76.36,80.22,76.29,80.18,157772790
18-May-12,76.28,77.63,74.60,75.77,183072463
17-May-12,77.90,78.21,75.73,75.73,179304713
16-May-12,79.15,79.56,77.29,78.01,140223874
15-May-12,80.21,80.46,78.82,79.02,119076678
14-May-12,80.37,81.07,79.66,79.75,88156103
11-May-12,80.71,82.07,80.62,80.96,99886332
10-May-12,82.08,82.27,81.21,81.50,83317752
9-May-12,80.53,82.00,80.12,81.31,120175923
8-May-12,81.37,81.64,79.82,81.17,124312720
7-May-12,80.21,81.82,80.18,81.35,115073217
4-May-12,82.44,82.62,80.74,80.75,132497421
3-May-12,84.36,84.49,82.90,83.12,97637057
2-May-12,82.89,83.91,82.69,83.71,106906016
1-May-12,83.56,85.25,83.03,83.16,152749513
30-Apr-12,85.40,85.49,83.29,83.43,126535038
27-Apr-12,86.44,86.60,85.79,86.14,101692500
26-Apr-12,87.75,87.81,86.02,86.81,134016274
25-Apr-12,87.95,88.29,86.57,87.14,226427670
24-Apr-12,80.37,81.10,79.29,80.04,269099838
23-Apr-12,81.52,82.38,79.52,81.67,241629479
20-Apr-12,84.48,84.95,81.49,81.85,257743808
19-Apr-12,85.75,86.39,83.50,83.92,208678365
18-Apr-12,87.67,88.61,86.10,86.91,238632471
17-Apr-12,82.71,87.14,81.70,87.10,256371472
16-Apr-12,87.15,87.18,82.61,82.88,262696056
13-Apr-12,89.16,89.24,86.22,86.46,214911067
12-Apr-12,89.29,90.19,88.64,88.97,153582163
11-Apr-12,90.89,90.98,89.05,89.46,174152769
10-Apr-12,91.42,92.00,89.43,89.78,222422452
9-Apr-12,89.45,91.41,89.33,90.89,149384046
5-Apr-12,89.57,90.67,89.06,90.53,160318858
4-Apr-12,89.19,89.41,88.14,89.19,143245095
3-Apr-12,89.61,90.32,88.93,89.90,208638360
2-Apr-12,85.98,88.40,85.77,88.38,149586458
30-Mar-12,86.97,87.22,85.42,85.65,182759395
29-Mar-12,87.54,88.08,86.75,87.12,152059432
28-Mar-12,88.34,88.78,87.19,88.23,163864869
27-Mar-12,86.60,88.04,86.58,87.78,151782141
26-Mar-12,85.68,86.74,85.04,86.71,148934219
23-Mar-12,85.78,85.97,84.91,85.15,107621815
22-Mar-12,85.40,86.36,85.08,85.62,156032898
21-Mar-12,86.11,87.09,85.92,86.07,161010374
20-Mar-12,85.64,86.70,83.14,86.57,204167033
19-Mar-12,85.48,85.97,84.15,85.87,225308790
16-Mar-12,83.53,84.17,82.57,83.65,206371879
15-Mar-12,85.66,85.72,82.65,83.65,289917768
14-Mar-12,82.58,84.96,82.20,84.23,354709747
13-Mar-12,79.65,81.17,79.39,81.16,172712659
12-Mar-12,78.43,78.86,78.14,78.86,101820019
9-Mar-12,77.74,78.25,77.59,77.88,104724732
8-Mar-12,76.38,77.57,76.02,77.43,129110723
7-Mar-12,76.69,76.83,74.76,75.81,199629549
6-Mar-12,74.81,76.24,73.75,75.75,202559651
5-Mar-12,77.92,78.21,75.14,76.17,202280183
2-Mar-12,77.75,78.11,77.50,77.88,107927589
1-Mar-12,78.31,78.32,76.97,77.78,170813188
29-Feb-12,77.37,78.23,76.53,77.49,238000378
28-Feb-12,75.42,76.49,75.12,76.49,150096478
27-Feb-12,74.47,75.50,73.75,75.11,136895304
24-Feb-12,74.24,74.70,74.09,74.63,103819905
23-Feb-12,73.58,73.98,72.79,73.77,142006312
22-Feb-12,73.30,73.64,72.72,73.29,120823808
21-Feb-12,72.41,73.55,72.02,73.55,151396399
17-Feb-12,71.87,72.54,71.47,71.73,133947191
16-Feb-12,70.21,72.13,69.52,71.74,236137405
15-Feb-12,73.47,75.18,70.98,71.10,376528040
14-Feb-12,72.09,72.79,71.71,72.78,115483011
13-Feb-12,71.36,71.98,71.01,71.80,129301606
10-Feb-12,70.14,71.09,69.79,70.49,157824975
9-Feb-12,68.68,70.96,68.65,70.45,221053602
8-Feb-12,67.21,68.11,67.10,68.10,101969280
7-Feb-12,66.46,67.11,66.37,66.98,79055263
6-Feb-12,65.48,66.43,65.46,66.28,62420596
3-Feb-12,65.33,65.71,65.08,65.67,71717009
2-Feb-12,65.13,65.31,64.85,65.02,46698547
1-Feb-12,65.49,65.57,65.08,65.17,67510562
31-Jan-12,65.08,65.46,64.72,65.21,97977985
30-Jan-12,63.67,64.84,63.63,64.72,94832073
27-Jan-12,63.48,64.07,63.40,63.90,74971631
26-Jan-12,64.05,64.11,63.31,63.52,81057711
25-Jan-12,64.92,64.92,63.39,63.81,239565837
24-Jan-12,60.73,60.73,59.94,60.06,136909311
23-Jan-12,60.38,61.21,60.33,61.06,76515446
20-Jan-12,61.07,61.07,59.96,60.04,103492249
19-Jan-12,61.45,61.62,60.93,61.11,65434453
18-Jan-12,60.99,61.35,60.90,61.30,69197758
17-Jan-12,60.60,60.86,60.42,60.67,60724055
13-Jan-12,59.96,60.06,59.81,59.97,56539749
12-Jan-12,60.33,60.41,59.82,60.20,53180911
11-Jan-12,60.38,60.41,59.90,60.36,53798059
10-Jan-12,60.84,60.86,60.21,60.46,64581762
9-Jan-12,60.79,61.11,60.19,60.25,98505792
6-Jan-12,59.97,60.39,59.89,60.34,79596412
5-Jan-12,59.28,59.79,58.95,59.72,67816805
4-Jan-12,58.57,59.24,58.47,59.06,65061108
3-Jan-12,58.49,58.93,58.43,58.75,75564699
